Word,Joy,Sadness,Anger,Fear,Love,Surprise,PrimaryEmotion,Confidence,Occurrences,DairOccurrences,BorealisOccurrences,Sources,Valence,Arousal,Dominance
honoured,1.0,0.0,0.0,0.0,0.0,0.0,joy,1.0,794,794,0,dair,,,
invigorated,1.0,0.0,0.0,0.0,0.0,0.0,joy,1.0,469,469,0,dair,,,
wishful,0.0,0.0,0.0,0.0,0.0,1.0,surprise,1.0,436,0,436,borealis,0.885,0.712,0.606
heartbroken,0.0,1.0,0.0,0.0,0.0,0.0,sadness,1.0,375,375,0,dair,,,
uncertain,0.0,0.0,0.0,1.0,0.0,0.0,fear,1.0,335,335,0,dair,,,
inquiry,0.0,0.0,0.0,0.0,0.0,1.0,surprise,1.0,323,0,323,borealis,0.541,0.42,0.536
unimportant,0.0,1.0,0.0,0.0,0.0,0.0,sadness,1.0,309,306,3,both,0.281,0.24,0.175
regretful,0.0,1.0,0.0,0.0,0.0,0.0,sadness,1.0,302,302,0,dair,,,
contented,1.0,0.0,0.0,0.0,0.0,0.0,joy,1.0,299,299,0,dair,,,
envious,0.0,0.0,1.0,0.0,0.0,0.0,anger,1.0,299,299,0,dair,,,
wronged,0.0,0.0,1.0,0.0,0.0,0.0,anger,1.0,292,292,0,dair,,,
shaky,0.0,0.0,0.0,1.0,0.0,0.0,fear,1.0,288,288,0,dair,,,
dissatisfied,0.0,0.0,1.0,0.0,0.0,0.0,anger,1.0,286,286,0,dair,,,
terrific,1.0,0.0,0.0,0.0,0.0,0.0,joy,1.0,280,280,0,dair,,,
joyful,1.0,0.0,0.0,0.0,0.0,0.0,joy,1.0,259,259,0,dair,,,
gloomy,0.0,1.0,0.0,0.0,0.0,0.0,sadness,1.0,258,258,0,dair,,,
irritable,0.0,0.0,1.0,0.0,0.0,0.0,anger,1.0,247,247,0,dair,,,
valued,1.0,0.0,0.0,0.0,0.0,0.0,joy,1.0,245,245,0,dair,,,
funny,0.0,0.0,0.0,0.0,0.0,1.0,surprise,1.0,232,232,0,dair,,,
paranoid,0.0,0.0,0.0,1.0,0.0,0.0,fear,1.0,229,229,0,dair,,,
respected,1.0,0.0,0.0,0.0,0.0,0.0,joy,1.0,222,222,0,dair,,,
fucked,0.0,0.0,1.0,0.0,0.0,0.0,anger,1.0,220,220,0,dair,,,
pissed,0.0,0.0,1.0,0.0,0.0,0.0,anger,1.0,217,208,9,both,0.102,0.888,0.543
disillusioned,0.0,1.0,0.0,0.0,0.0,0.0,sadness,1.0,214,214,0,dair,,,
bitchy,0.0,0.0,1.0,0.0,0.0,0.0,anger,1.0,213,213,0,dair,,,
fabulous,1.0,0.0,0.0,0.0,0.0,0.0,joy,1.0,212,212,0,dair,,,
doomed,0.0,1.0,0.0,0.0,0.0,0.0,sadness,1.0,205,205,0,dair,,,
triumphant,1.0,0.0,0.0,0.0,0.0,0.0,joy,1.0,205,205,0,dair,,,
shamed,0.0,1.0,0.0,0.0,0.0,0.0,sadness,1.0,200,200,0,dair,,,
fearful,0.0,0.0,0.0,1.0,0.0,0.0,fear,1.0,199,199,0,dair,,,
vain,0.0,1.0,0.0,0.0,0.0,0.0,sadness,1.0,183,183,0,dair,,,
brave,1.0,0.0,0.0,0.0,0.0,0.0,joy,1.0,173,173,0,dair,,,
cranky,0.0,0.0,1.0,0.0,0.0,0.0,anger,1.0,169,165,4,both,0.194,0.776,0.396
horrified,0.0,0.0,0.0,1.0,0.0,0.0,fear,1.0,169,0,169,borealis,0.04,0.885,0.368
curious,0.0,0.0,0.0,0.0,0.0,1.0,surprise,1.0,164,164,0,dair,,,
doubtful,0.0,0.0,0.0,1.0,0.0,0.0,fear,1.0,156,156,0,dair,,,
damaged,0.0,1.0,0.0,0.0,0.0,0.0,sadness,1.0,152,152,0,dair,,,
special,1.0,0.0,0.0,0.0,0.0,0.0,joy,1.0,151,146,5,both,0.844,0.602,0.73
expectant,0.0,0.0,0.0,0.0,0.0,1.0,surprise,1.0,151,0,151,borealis,0.708,0.65,0.474
rushed,0.0,0.0,1.0,0.0,0.0,0.0,anger,1.0,148,148,0,dair,,,
disdain,0.0,0.0,1.0,0.0,0.0,0.0,anger,1.0,141,0,141,borealis,0.153,0.446,0.441
pained,0.0,1.0,0.0,0.0,0.0,0.0,sadness,1.0,135,135,0,dair,,,
bothered,0.0,0.0,1.0,0.0,0.0,0.0,anger,1.0,123,123,0,dair,,,
outraged,0.0,0.0,1.0,0.0,0.0,0.0,anger,1.0,122,122,0,dair,,,
aggravated,0.0,0.0,1.0,0.0,0.0,0.0,anger,1.0,120,98,22,both,0.079,0.76,0.43
loyal,0.0,0.0,0.0,0.0,1.0,0.0,love,1.0,119,119,0,dair,,,
gorgeous,1.0,0.0,0.0,0.0,0.0,0.0,joy,1.0,113,113,0,dair,,,
bouncy,1.0,0.0,0.0,0.0,0.0,0.0,joy,1.0,109,109,0,dair,,,
elegant,1.0,0.0,0.0,0.0,0.0,0.0,joy,1.0,107,104,3,both,0.865,0.5,0.685
broke,0.0,1.0,0.0,0.0,0.0,0.0,sadness,1.0,106,106,0,dair,,,
neglectful,0.0,1.0,0.0,0.0,0.0,0.0,sadness,1.0,101,101,0,dair,,,
delicious,1.0,0.0,0.0,0.0,0.0,0.0,joy,1.0,95,95,0,dair,,,
useful,1.0,0.0,0.0,0.0,0.0,0.0,joy,1.0,94,94,0,dair,,,
glamorous,1.0,0.0,0.0,0.0,0.0,0.0,joy,1.0,90,90,0,dair,,,
slutty,0.0,0.0,0.0,0.0,1.0,0.0,love,1.0,83,83,0,dair,,,
hateful,0.0,0.0,1.0,0.0,0.0,0.0,anger,1.0,83,83,0,dair,,,
loving,0.0,0.0,0.0,0.0,1.0,0.0,love,1.0,81,81,0,dair,,,
fab,1.0,0.0,0.0,0.0,0.0,0.0,joy,1.0,81,81,0,dair,,,
angered,0.0,0.0,1.0,0.0,0.0,0.0,anger,1.0,72,72,0,dair,,,
dynamic,0.0,0.0,0.0,0.0,0.0,1.0,surprise,1.0,72,0,72,borealis,0.724,0.75,0.836
compassionate,0.0,0.0,0.0,0.0,1.0,0.0,love,1.0,69,69,0,dair,,,
unfortunate,0.0,1.0,0.0,0.0,0.0,0.0,sadness,1.0,68,66,2,both,0.073,0.487,0.195
lively,1.0,0.0,0.0,0.0,0.0,0.0,joy,1.0,63,56,7,both,0.847,0.81,0.642
entertained,1.0,0.0,0.0,0.0,0.0,0.0,joy,1.0,63,35,28,both,0.902,0.644,0.712
whiney,0.0,1.0,0.0,0.0,0.0,0.0,sadness,1.0,62,62,0,dair,,,
lovely,0.0,0.0,0.0,0.0,1.0,0.0,love,1.0,62,62,0,dair,,,
defective,0.0,1.0,0.0,0.0,0.0,0.0,sadness,1.0,62,62,0,dair,,,
pleasant,1.0,0.0,0.0,0.0,0.0,0.0,joy,1.0,61,61,0,dair,,,
festive,1.0,0.0,0.0,0.0,0.0,0.0,joy,1.0,60,57,3,both,0.854,0.74,0.764
preparedness,0.0,0.0,0.0,0.0,0.0,1.0,surprise,1.0,60,0,60,borealis,0.76,0.542,0.763
nausea,0.0,0.0,1.0,0.0,0.0,0.0,anger,1.0,56,1,55,both,0.104,0.781,0.273
jolly,1.0,0.0,0.0,0.0,0.0,0.0,joy,1.0,55,55,0,dair,,,
resolved,1.0,0.0,0.0,0.0,0.0,0.0,joy,1.0,55,55,0,dair,,,
paranoia,0.0,0.0,0.0,1.0,0.0,0.0,fear,1.0,53,1,52,both,0.146,0.841,0.407
affectionate,0.0,0.0,0.0,0.0,1.0,0.0,love,1.0,53,53,0,dair,,,
radiant,1.0,0.0,0.0,0.0,0.0,0.0,joy,1.0,52,52,0,dair,,,
vile,0.0,0.0,1.0,0.0,0.0,0.0,anger,1.0,51,51,0,dair,,,
liked,0.0,0.0,0.0,0.0,1.0,0.0,love,1.0,51,51,0,dair,,,
adore,0.0,0.0,0.0,0.0,1.0,0.0,love,1.0,50,50,0,dair,,,
sorrowful,0.0,1.0,0.0,0.0,0.0,0.0,sadness,1.0,49,49,0,dair,,,
disadvantaged,0.0,1.0,0.0,0.0,0.0,0.0,sadness,1.0,49,49,0,dair,,,
craving,0.0,0.0,0.0,0.0,0.0,1.0,surprise,1.0,48,0,48,borealis,0.51,0.755,0.636
tragic,0.0,1.0,0.0,0.0,0.0,0.0,sadness,1.0,46,44,2,both,0.048,0.904,0.396
splendid,1.0,0.0,0.0,0.0,0.0,0.0,joy,1.0,41,41,0,dair,,,
vital,1.0,0.0,0.0,0.0,0.0,0.0,joy,1.0,39,39,0,dair,,,
perfect,1.0,0.0,0.0,0.0,0.0,0.0,joy,1.0,39,39,0,dair,,,
wimpy,0.0,0.0,0.0,1.0,0.0,0.0,fear,1.0,37,37,0,dair,,,
hurried,0.0,0.0,0.0,0.0,0.0,1.0,surprise,1.0,37,0,37,borealis,0.314,0.806,0.393
valuable,1.0,0.0,0.0,0.0,0.0,0.0,joy,1.0,34,34,0,dair,,,
acceptable,1.0,0.0,0.0,0.0,0.0,0.0,joy,1.0,34,34,0,dair,,,
unwell,0.0,1.0,0.0,0.0,0.0,0.0,sadness,1.0,34,0,34,borealis,0.143,0.64,0.221
despise,0.0,0.0,1.0,0.0,0.0,0.0,anger,1.0,34,0,34,borealis,0.167,0.745,0.296
re,1.0,0.0,0.0,0.0,0.0,0.0,joy,1.0,33,33,0,dair,,,
sarcastic,0.0,0.0,1.0,0.0,0.0,0.0,anger,1.0,33,33,0,dair,,,
precious,1.0,0.0,0.0,0.0,0.0,0.0,joy,1.0,31,31,0,dair,,,
disliked,0.0,1.0,0.0,0.0,0.0,0.0,sadness,1.0,29,29,0,dair,,,
moronic,0.0,1.0,0.0,0.0,0.0,0.0,sadness,1.0,27,27,0,dair,,,
reasonably,1.0,0.0,0.0,0.0,0.0,0.0,joy,1.0,23,23,0,dair,,,
aching,0.0,1.0,0.0,0.0,0.0,0.0,sadness,1.0,23,23,0,dair,,,
trusting,1.0,0.0,0.0,0.0,0.0,0.0,joy,1.0,22,22,0,dair,,,
irate,0.0,0.0,1.0,0.0,0.0,0.0,anger,1.0,22,19,3,both,0.188,0.852,0.474
charmed,1.0,0.0,0.0,0.0,0.0,0.0,joy,1.0,22,22,0,dair,,,
unsympathetic,0.0,0.0,1.0,0.0,0.0,0.0,anger,1.0,20,0,20,borealis,0.163,0.62,0.281
despairing,0.0,1.0,0.0,0.0,0.0,0.0,sadness,1.0,19,19,0,dair,,,
worthwhile,1.0,0.0,0.0,0.0,0.0,0.0,joy,1.0,19,19,0,dair,,,
blamed,0.0,1.0,0.0,0.0,0.0,0.0,sadness,1.0,19,19,0,dair,,,
sociable,1.0,0.0,0.0,0.0,0.0,0.0,joy,1.0,19,19,0,dair,,,
benevolent,1.0,0.0,0.0,0.0,0.0,0.0,joy,1.0,18,18,0,dair,,,
glamourous,1.0,0.0,0.0,0.0,0.0,0.0,joy,1.0,18,18,0,dair,,,
vicious,0.0,0.0,1.0,0.0,0.0,0.0,anger,1.0,18,13,5,both,0.208,0.694,0.407
speculative,0.0,0.0,0.0,0.0,0.0,1.0,surprise,1.0,18,0,18,borealis,0.276,0.591,0.464
dignified,1.0,0.0,0.0,0.0,0.0,0.0,joy,1.0,17,17,0,dair,,,
claustrophobia,0.0,0.0,0.0,1.0,0.0,0.0,fear,1.0,16,0,16,borealis,0.125,0.84,0.333
anguished,0.0,1.0,0.0,0.0,0.0,0.0,sadness,1.0,15,15,0,dair,,,
tentative,0.0,0.0,0.0,0.0,0.0,1.0,surprise,1.0,15,0,15,borealis,0.582,0.657,0.534
hysteria,0.0,0.0,0.0,1.0,0.0,0.0,fear,1.0,15,0,15,borealis,0.224,0.906,0.482
curiosity,0.0006,0.0,0.0,0.0,0.0,0.9994,surprise,0.9994,1616,1,1615,both,0.75,0.755,0.463
surprised,0.0005,0.0005,0.0,0.0,0.0,0.999,surprise,0.999,1985,217,1768,both,0.784,0.855,0.539
foolish,0.0,0.9977,0.0023,0.0,0.0,0.0,sadness,0.9977,443,443,0,dair,,,
anticipation,0.0025,0.0,0.0,0.0,0.0,0.9975,surprise,0.9975,404,1,403,both,0.698,0.539,0.711
insulted,0.0026,0.0,0.9974,0.0,0.0,0.0,anger,0.9974,380,380,0,dair,,,
greedy,0.0,0.0028,0.9972,0.0,0.0,0.0,anger,0.9972,352,352,0,dair,,,
sure,0.997,0.0,0.0,0.003,0.0,0.0,joy,0.997,338,338,0,dair,,,
inadequate,0.003,0.997,0.0,0.0,0.0,0.0,sadness,0.997,335,335,0,dair,,,
privileged,0.9969,0.001,0.001,0.0,0.001,0.0,joy,0.9969,979,971,8,both,0.867,0.49,0.853
satisfied,0.9968,0.0,0.0032,0.0,0.0,0.0,joy,0.9968,314,314,0,dair,,,
ecstatic,0.9966,0.0034,0.0,0.0,0.0,0.0,joy,0.9966,295,295,0,dair,,,
fantastic,0.9965,0.0,0.0,0.0,0.0,0.0035,joy,0.9965,283,280,3,both,0.969,0.696,0.831
frightened,0.0,0.0,0.0,0.9964,0.0,0.0036,fear,0.9964,281,281,0,dair,,,
miserable,0.0,0.9963,0.0,0.0037,0.0,0.0,sadness,0.9963,272,272,0,dair,,,
rotten,0.0,0.9963,0.0037,0.0,0.0,0.0,sadness,0.9963,269,269,0,dair,,,
shitty,0.0038,0.9962,0.0,0.0,0.0,0.0,sadness,0.9962,265,265,0,dair,,,
listless,0.0,0.9961,0.0,0.0,0.0039,0.0,sadness,0.9961,259,236,23,both,0.219,0.35,0.231
offended,0.0,0.004,0.996,0.0,0.0,0.0,anger,0.996,247,247,0,dair,,,
ok,0.9959,0.0041,0.0,0.0,0.0,0.0,joy,0.9959,246,246,0,dair,,,
sympathetic,0.0043,0.0,0.0,0.0,0.9957,0.0,love,0.9957,235,235,0,dair,,,
pleased,0.9956,0.0,0.0044,0.0,0.0,0.0,joy,0.9956,226,226,0,dair,,,
unwelcome,0.0,0.9956,0.0,0.0,0.0,0.0044,sadness,0.9956,226,221,5,both,0.115,0.48,0.269
terror,0.0,0.0,0.0022,0.9955,0.0,0.0022,fear,0.9955,447,1,446,both,0.069,0.902,0.415
lame,0.0,0.9954,0.0023,0.0,0.0023,0.0,sadness,0.9954,436,436,0,dair,,,
needy,0.0,0.9953,0.0047,0.0,0.0,0.0,sadness,0.9953,215,215,0,dair,,,
wonderful,0.995,0.0,0.0,0.005,0.0,0.0,joy,0.995,201,201,0,dair,,,
humiliated,0.0026,0.9949,0.0026,0.0,0.0,0.0,sadness,0.9949,389,389,0,dair,,,
mellow,0.9945,0.0,0.0,0.0,0.0,0.0055,joy,0.9945,183,181,2,both,0.633,0.069,0.265
furious,0.0,0.0,0.9935,0.0065,0.0,0.0,anger,0.9935,153,153,0,dair,,,
enraged,0.0,0.0,0.9934,0.0033,0.0,0.0033,anger,0.9934,304,127,177,both,0.083,0.962,0.636
shy,0.0034,0.0034,0.0,0.9932,0.0,0.0,fear,0.9932,292,292,0,dair,,,
optimistic,0.9932,0.0,0.0,0.0,0.0068,0.0,joy,0.9932,147,147,0,dair,,,
loathing,0.0068,0.0,0.9932,0.0,0.0,0.0,anger,0.9932,146,0,146,borealis,0.083,0.796,0.368
displeasure,0.0,0.0,0.9931,0.0,0.0,0.0069,anger,0.9931,144,0,144,borealis,0.115,0.559,0.25
pathetic,0.0,0.9925,0.005,0.0,0.0,0.0025,sadness,0.9925,402,394,8,both,0.088,0.464,0.139
dislike,0.0,0.0,0.9924,0.0,0.0076,0.0,anger,0.9924,394,0,394,borealis,0.156,0.406,0.321
disgusted,0.0,0.0,0.9923,0.0039,0.0019,0.0019,anger,0.9923,517,517,0,dair,,,
pressured,0.0026,0.0026,0.0,0.9923,0.0,0.0026,fear,0.9923,391,391,0,dair,,,
boring,0.0,0.9923,0.0077,0.0,0.0,0.0,sadness,0.9923,130,130,0,dair,,,
grouchy,0.0,0.0,0.9921,0.0,0.0,0.0079,anger,0.9921,126,123,3,both,0.143,0.708,0.407
romantic,0.008,0.0,0.0,0.0,0.992,0.0,love,0.992,125,125,0,dair,,,
nostalgic,0.0,0.0,0.0,0.0081,0.9919,0.0,love,0.9919,123,123,0,dair,,,
relieved,0.9918,0.0041,0.0021,0.0021,0.0,0.0,joy,0.9918,485,485,0,dair,,,
suspicious,0.0,0.0,0.0082,0.9918,0.0,0.0,fear,0.9918,122,122,0,dair,,,
cute,0.9917,0.0,0.0083,0.0,0.0,0.0,joy,0.9917,120,120,0,dair,,,
content,0.9915,0.0028,0.0028,0.0,0.0028,0.0,joy,0.9915,353,353,0,dair,,,
lousy,0.0043,0.9913,0.0043,0.0,0.0,0.0,sadness,0.9913,231,229,2,both,0.125,0.482,0.234
beaten,0.0045,0.9909,0.0,0.0045,0.0,0.0,sadness,0.9909,220,217,3,both,0.083,0.846,0.265
terrified,0.0034,0.0068,0.0,0.9898,0.0,0.0,fear,0.9898,295,295,0,dair,,,
dumb,0.0041,0.9897,0.0,0.0041,0.0,0.0021,sadness,0.9897,486,480,6,both,0.188,0.33,0.151
adoration,0.9897,0.0,0.0103,0.0,0.0,0.0,joy,0.9897,97,0,97,borealis,0.885,0.699,0.708
groggy,0.0053,0.9894,0.0,0.0053,0.0,0.0,sadness,0.9894,188,185,3,both,0.235,0.265,0.194
dull,0.0106,0.9894,0.0,0.0,0.0,0.0,sadness,0.9894,188,179,9,both,0.194,0.12,0.185
terrible,0.0036,0.9891,0.0072,0.0,0.0,0.0,sadness,0.9891,552,543,9,both,0.061,0.849,0.604
nervous,0.0,0.0073,0.0036,0.9891,0.0,0.0,fear,0.9891,274,274,0,dair,,,
super,0.9889,0.0037,0.0037,0.0037,0.0,0.0,joy,0.9889,271,271,0,dair,,,
jealous,0.0028,0.0056,0.9888,0.0028,0.0,0.0,anger,0.9888,356,356,0,dair,,,
useless,0.0046,0.9886,0.0046,0.0,0.0,0.0023,sadness,0.9886,439,419,20,both,0.052,0.342,0.184
honored,0.9883,0.0032,0.0021,0.0,0.0032,0.0032,joy,0.9883,944,907,37,both,0.938,0.447,0.732
low,0.0059,0.9882,0.0,0.0059,0.0,0.0,sadness,0.9882,170,165,5,both,0.292,0.22,0.102
lust,0.004,0.0,0.004,0.0,0.004,0.9879,surprise,0.9879,247,3,244,both,0.469,0.944,0.518
strong,0.9874,0.0,0.0,0.0126,0.0,0.0,joy,0.9874,238,238,0,dair,,,
appalled,0.0,0.0,0.9867,0.0,0.0,0.0133,anger,0.9867,75,52,23,both,0.194,0.792,0.562
virtuous,0.9861,0.0,0.0,0.0,0.0139,0.0,joy,0.9861,216,211,5,both,0.89,0.53,0.822
ugly,0.0051,0.9847,0.0076,0.0025,0.0,0.0,sadness,0.9847,393,390,3,both,0.167,0.63,0.254
proud,0.9846,0.0096,0.0019,0.0,0.0019,0.0019,joy,0.9846,519,519,0,dair,,,
obnoxious,0.0,0.0,0.9846,0.0,0.0,0.0154,anger,0.9846,65,62,3,both,0.088,0.602,0.256
divine,0.9841,0.0,0.0,0.0,0.0159,0.0,joy,0.9841,63,60,3,both,0.918,0.571,0.885
weepy,0.0081,0.9839,0.0,0.0081,0.0,0.0,sadness,0.9839,124,124,0,dair,,,
ignored,0.0,0.9837,0.0163,0.0,0.0,0.0,sadness,0.9837,184,184,0,dair,,,
rage,0.0082,0.0082,0.9836,0.0,0.0,0.0,anger,0.9836,365,56,309,both,0.082,0.888,0.658
comfortable,0.9834,0.0047,0.0047,0.0047,0.0024,0.0,joy,0.9834,422,422,0,dair,,,
morose,0.0,0.9828,0.0172,0.0,0.0,0.0,sadness,0.9828,58,53,5,both,0.24,0.663,0.264
lucky,0.9826,0.008,0.0013,0.0027,0.0013,0.004,joy,0.9826,748,724,24,both,0.96,0.61,0.793
naughty,0.0091,0.0,0.0045,0.0,0.9818,0.0045,love,0.9818,220,216,4,both,0.451,0.857,0.371
jubilant,0.9818,0.0,0.0,0.0,0.0,0.0182,joy,0.9818,55,43,12,both,0.844,0.673,0.664
mad,0.0122,0.002,0.9816,0.0,0.002,0.002,anger,0.9816,490,190,300,both,0.219,0.873,0.277
rich,0.9816,0.0037,0.0,0.0,0.011,0.0037,joy,0.9816,272,267,5,both,0.882,0.627,0.905
petty,0.0037,0.0,0.9814,0.0,0.0,0.0149,anger,0.9814,269,261,8,both,0.21,0.537,0.236
anger,0.0124,0.0048,0.9811,0.0003,0.001,0.0003,anger,0.9811,2912,41,2871,both,0.167,0.865,0.657
rude,0.0038,0.0,0.9811,0.0,0.0038,0.0114,anger,0.9811,264,244,20,both,0.061,0.821,0.402
crappy,0.0095,0.981,0.0048,0.0,0.0,0.0048,sadness,0.981,210,210,0,dair,,,
detest,0.0192,0.0,0.9808,0.0,0.0,0.0,anger,0.9808,52,0,52,borealis,0.083,0.8,0.492
disheartened,0.0033,0.9802,0.0,0.0,0.0033,0.0132,sadness,0.9802,303,278,25,both,0.153,0.343,0.238
distaste,0.0,0.0,0.9802,0.0,0.0,0.0198,anger,0.9802,101,0,101,borealis,0.184,0.625,0.37
discomfort,0.0067,0.9799,0.0,0.0,0.0067,0.0067,sadness,0.9799,149,0,149,borealis,0.153,0.719,0.272
devastated,0.0051,0.9798,0.0076,0.0051,0.0025,0.0,sadness,0.9798,396,328,68,both,0.12,0.544,0.264
spiteful,0.0104,0.0,0.9792,0.0,0.0,0.0104,anger,0.9792,96,37,59,both,0.073,0.71,0.33
messy,0.0,0.9785,0.0215,0.0,0.0,0.0,sadness,0.9785,93,91,2,both,0.26,0.635,0.14
fright,0.0083,0.0,0.0,0.9779,0.0,0.0138,fear,0.9779,362,0,362,borealis,0.177,0.816,0.191
neurotic,0.0,0.0,0.0222,0.9778,0.0,0.0,fear,0.9778,45,43,2,both,0.198,0.801,0.387
horrible,0.0041,0.9775,0.0082,0.0061,0.0041,0.0,sadness,0.9775,488,483,5,both,0.071,0.857,0.398
afraid,0.0,0.0016,0.0016,0.9773,0.0049,0.0146,fear,0.9773,618,263,355,both,0.01,0.775,0.245
fine,0.977,0.0084,0.0084,0.0021,0.0021,0.0021,joy,0.977,478,473,5,both,0.823,0.24,0.647
deprived,0.0115,0.977,0.0115,0.0,0.0,0.0,sadness,0.977,174,169,5,both,0.354,0.506,0.536
cheerful,0.9763,0.0158,0.0,0.0,0.0,0.0079,joy,0.9763,253,50,203,both,0.99,0.72,0.696
irritated,0.0043,0.0075,0.9755,0.0021,0.0021,0.0085,anger,0.9755,939,367,572,both,0.21,0.816,0.281
lonely,0.0046,0.9749,0.0137,0.0046,0.0023,0.0,sadness,0.9749,438,438,0,dair,,,
thrilled,0.9746,0.0,0.0028,0.0056,0.0,0.0169,joy,0.9746,355,244,111,both,0.898,0.818,0.807
dirty,0.0,0.9745,0.0231,0.0023,0.0,0.0,sadness,0.9745,432,423,9,both,0.153,0.46,0.17
uptight,0.0064,0.0,0.0127,0.9745,0.0,0.0064,fear,0.9745,157,150,7,both,0.184,0.716,0.333
idiotic,0.0,0.9745,0.0255,0.0,0.0,0.0,sadness,0.9745,157,153,4,both,0.104,0.62,0.17
thankful,0.9744,0.0128,0.0021,0.0043,0.0,0.0064,joy,0.9744,468,328,140,both,0.969,0.344,0.714
drained,0.0,0.9742,0.0129,0.0032,0.0,0.0097,sadness,0.9742,310,288,22,both,0.31,0.441,0.352
free,0.974,0.0156,0.0,0.0052,0.0052,0.0,joy,0.974,192,192,0,dair,,,
intimidated,0.003,0.003,0.0091,0.9726,0.0,0.0122,fear,0.9726,329,296,33,both,0.177,0.663,0.208
safe,0.9723,0.0099,0.002,0.0119,0.004,0.0,joy,0.9723,506,506,0,dair,,,
defeated,0.0152,0.9722,0.0025,0.0,0.0,0.0101,sadness,0.9722,396,272,124,both,0.104,0.582,0.145
welcomed,0.9719,0.0077,0.0077,0.0051,0.0,0.0077,joy,0.9719,391,268,123,both,0.927,0.585,0.7
disappointed,0.0247,0.9717,0.0,0.0,0.0,0.0035,sadness,0.9717,283,283,0,dair,,,
giggly,0.971,0.0,0.0145,0.0,0.0,0.0145,joy,0.971,69,67,2,both,,,
glad,0.9702,0.0123,0.0018,0.0,0.0,0.0158,joy,0.9702,570,476,94,both,0.938,0.76,0.74
gratitude,0.97,0.0106,0.0088,0.0,0.0071,0.0035,joy,0.97,566,14,552,both,0.885,0.441,0.61
disapproval,0.0038,0.9699,0.0,0.0,0.0075,0.0188,sadness,0.9699,266,0,266,borealis,0.085,0.551,0.367
jaded,0.0043,0.9696,0.013,0.0043,0.0,0.0087,sadness,0.9696,230,221,9,both,0.255,0.56,0.4
handsome,0.9688,0.0,0.0,0.0,0.0,0.0312,joy,0.9688,32,29,3,both,0.89,0.6,0.682
delicate,0.0159,0.0159,0.0,0.0,0.9683,0.0,love,0.9683,63,61,2,both,0.583,0.294,0.366
bliss,0.9677,0.0323,0.0,0.0,0.0,0.0,joy,0.9677,31,3,28,both,0.816,0.5,0.782
disgust,0.0072,0.0,0.9675,0.0012,0.0012,0.0229,anger,0.9675,831,10,821,both,0.052,0.775,0.317
outrage,0.0,0.0164,0.9672,0.0164,0.0,0.0,anger,0.9672,61,3,58,both,0.06,0.689,0.542
anxious,0.0099,0.0199,0.0033,0.9669,0.0,0.0,fear,0.9669,302,302,0,dair,,,
distressed,0.0282,0.0,0.0,0.9655,0.0,0.0063,fear,0.9655,638,213,425,both,0.143,0.771,0.324
scolding,0.0,0.0,0.9655,0.0,0.0,0.0345,anger,0.9655,29,0,29,borealis,0.071,0.833,0.417
sorry,0.0058,0.9653,0.0154,0.0039,0.0097,0.0,sadness,0.9653,518,518,0,dair,,,
popular,0.9639,0.0,0.0,0.0,0.0,0.0361,joy,0.9639,83,78,5,both,0.88,0.676,0.731
fond,0.0182,0.0182,0.0,0.0,0.9636,0.0,love,0.9636,55,55,0,dair,,,
scared,0.0054,0.002,0.0078,0.9629,0.0015,0.0205,fear,0.9629,2050,417,1633,both,0.146,0.828,0.185
insult,0.0,0.0,0.9623,0.0,0.0189,0.0189,anger,0.9623,53,0,53,borealis,0.085,0.831,0.389
fear,0.0059,0.0015,0.0048,0.9617,0.003,0.023,fear,0.9617,2692,28,2664,both,0.073,0.84,0.293
wow,0.0192,0.0,0.0192,0.0,0.0,0.9615,surprise,0.9615,52,52,0,dair,,,
lethargic,0.0,0.9608,0.0196,0.0,0.0039,0.0157,sadness,0.9608,255,247,8,both,0.214,0.245,0.375
angry,0.0044,0.0221,0.9603,0.011,0.0,0.0022,anger,0.9603,453,453,0,dair,,,
unsuccessful,0.0408,0.9592,0.0,0.0,0.0,0.0,sadness,0.9592,49,45,4,both,0.14,0.318,0.106
talented,0.9592,0.0,0.0,0.0,0.0204,0.0204,joy,0.9592,49,45,4,both,0.939,0.635,0.938
worthless,0.0109,0.9591,0.0245,0.0054,0.0,0.0,sadness,0.9591,367,348,19,both,0.083,0.42,0.153
panic,0.0034,0.0,0.0,0.9588,0.0,0.0378,fear,0.9588,582,1,581,both,0.062,0.938,0.4
graceful,0.9583,0.0,0.0139,0.0,0.0139,0.0139,joy,0.9583,72,64,8,both,0.906,0.51,0.655
abused,0.0053,0.9574,0.0266,0.0106,0.0,0.0,sadness,0.9574,188,180,8,both,0.021,0.874,0.235
heartless,0.0,0.0426,0.9574,0.0,0.0,0.0,anger,0.9574,141,135,6,both,0.071,0.652,0.4
punished,0.0,0.9574,0.0426,0.0,0.0,0.0,sadness,0.9574,47,45,2,both,0.177,0.735,0.481
selfish,0.0149,0.0019,0.9572,0.0019,0.0149,0.0093,anger,0.9572,538,472,66,both,0.061,0.637,0.495
petrified,0.0,0.0,0.0435,0.9565,0.0,0.0,fear,0.9565,46,31,15,both,0.221,0.625,0.232
ungrateful,0.0205,0.9561,0.0234,0.0,0.0,0.0,sadness,0.9561,342,327,15,both,0.219,0.461,0.275
grumpy,0.0,0.0446,0.9554,0.0,0.0,0.0,anger,0.9554,157,144,13,both,0.198,0.808,0.559
urgency,0.0,0.0,0.0,0.0446,0.0,0.9554,surprise,0.9554,112,2,110,both,0.429,0.908,0.543
reluctant,0.0093,0.0,0.0,0.9549,0.0027,0.0332,fear,0.9549,754,463,291,both,0.292,0.63,0.432
burdened,0.0051,0.9541,0.0255,0.0102,0.0026,0.0026,sadness,0.9541,392,365,27,both,0.429,0.519,0.565
resigned,0.0424,0.9541,0.0,0.0,0.0,0.0035,sadness,0.9541,283,94,189,both,0.24,0.17,0.268
happy,0.9526,0.0207,0.0074,0.0011,0.0038,0.0144,joy,0.9526,3672,547,3125,both,1.0,0.735,0.772
stupid,0.0093,0.9519,0.0204,0.0037,0.0019,0.013,sadness,0.9519,540,517,23,both,0.133,0.51,0.2
nervousness,0.0044,0.0,0.0,0.9513,0.0015,0.0429,fear,0.9513,1376,0,1376,borealis,0.163,0.915,0.241
treasured,0.0488,0.0,0.0,0.0,0.9512,0.0,love,0.9512,41,39,2,both,0.849,0.471,0.73
infuriated,0.0,0.007,0.951,0.028,0.0,0.014,anger,0.951,143,45,98,both,0.073,0.93,0.51
frustrated,0.0188,0.0016,0.9495,0.0,0.0059,0.0242,anger,0.9495,1861,357,1504,both,0.08,0.651,0.255
fury,0.0123,0.0062,0.9477,0.0277,0.0031,0.0031,anger,0.9477,325,0,325,borealis,0.062,0.875,0.676
avoiding,0.0038,0.0,0.0,0.9474,0.0038,0.0451,fear,0.9474,266,0,266,borealis,0.457,0.433,0.309
vindictive,0.0,0.0,0.9474,0.0,0.0526,0.0,anger,0.9474,19,0,19,borealis,0.092,0.83,0.5
tranquil,0.9468,0.0,0.0319,0.0106,0.0,0.0106,joy,0.9468,94,69,25,both,0.917,0.094,0.355
productive,0.9466,0.0,0.0,0.0,0.0,0.0534,joy,0.9466,131,121,10,both,0.847,0.677,0.773
intrigue,0.0,0.0,0.0,0.0484,0.0054,0.9462,surprise,0.9462,186,0,186,borealis,0.362,0.83,0.327
charming,0.9462,0.0,0.0108,0.0,0.0323,0.0108,joy,0.9462,93,71,22,both,0.917,0.66,0.764
scorn,0.0541,0.0,0.9459,0.0,0.0,0.0,anger,0.9459,37,0,37,borealis,0.11,0.721,0.356
lost,0.0228,0.9453,0.0046,0.0068,0.0068,0.0137,sadness,0.9453,439,327,112,both,0.199,0.663,0.148
exhausted,0.0216,0.9451,0.0,0.002,0.0,0.0314,sadness,0.9451,510,269,241,both,0.123,0.423,0.202
indignant,0.0157,0.0,0.9449,0.0,0.0157,0.0236,anger,0.9449,127,0,127,borealis,0.26,0.6,0.423
confront,0.0,0.0,0.9444,0.0,0.0,0.0556,anger,0.9444,18,0,18,borealis,0.281,0.76,0.746
violent,0.0,0.0,0.9442,0.0558,0.0,0.0,anger,0.9442,215,134,81,both,0.112,0.918,0.616
depressed,0.0242,0.9423,0.0134,0.0174,0.0013,0.0013,sadness,0.9423,745,324,421,both,0.024,0.445,0.136
unloved,0.0115,0.9423,0.0462,0.0,0.0,0.0,sadness,0.9423,260,244,16,both,,,
resistant,0.0385,0.0,0.0,0.9423,0.0192,0.0,fear,0.9423,52,0,52,borealis,0.592,0.585,0.815
clever,0.9419,0.0,0.0174,0.0058,0.0116,0.0233,joy,0.9419,172,162,10,both,0.896,0.353,0.729
joy,0.9415,0.0106,0.0244,0.0122,0.0081,0.0033,joy,0.9415,1230,41,1189,both,0.98,0.824,0.794
lying,0.0,0.0,0.9412,0.0,0.0588,0.0,anger,0.9412,17,0,17,borealis,0.208,0.704,0.317
yearning,0.0412,0.0069,0.0,0.0,0.0114,0.9405,surprise,0.9405,437,0,437,borealis,0.709,0.51,0.537
insincere,0.0,0.0303,0.9394,0.0,0.0,0.0303,anger,0.9394,33,31,2,both,,,
hostile,0.0,0.0,0.9382,0.0618,0.0,0.0,anger,0.9382,275,68,207,both,0.188,0.877,0.474
dishonesty,0.0,0.0,0.9375,0.0,0.0625,0.0,anger,0.9375,16,0,16,borealis,0.094,0.592,0.348
forced,0.0323,0.0,0.0323,0.9355,0.0,0.0,fear,0.9355,31,1,30,both,0.18,0.721,0.458
loved,0.0573,0.0038,0.0038,0.0,0.9351,0.0,love,0.9351,262,262,0,dair,,,
accomplished,0.9351,0.026,0.0,0.013,0.0,0.026,joy,0.9351,77,6,71,both,0.87,0.52,0.798
worried,0.0048,0.9343,0.0,0.0219,0.0153,0.0237,sadness,0.9343,2283,54,2229,both,0.094,0.824,0.395
cool,0.9333,0.0133,0.0067,0.0,0.0333,0.0133,joy,0.9333,150,135,15,both,0.885,0.54,0.781
ferocious,0.0,0.0,0.9333,0.0667,0.0,0.0,anger,0.9333,15,13,2,both,0.167,0.915,0.776
vengeance,0.0299,0.0,0.9328,0.0,0.0075,0.0299,anger,0.9328,134,0,134,borealis,0.103,0.927,0.719
rebellious,0.0,0.0,0.9282,0.0526,0.0,0.0191,anger,0.9282,209,163,46,both,0.344,0.88,0.663
threatened,0.0052,0.0,0.0515,0.9278,0.0,0.0155,fear,0.9278,388,291,97,both,0.052,0.928,0.354
delighted,0.9262,0.0073,0.0036,0.0012,0.0,0.0617,joy,0.9262,827,290,537,both,0.938,0.664,0.685
hate,0.037,0.0,0.9259,0.0,0.037,0.0,anger,0.9259,54,54,0,dair,,,
tension,0.0211,0.0,0.9239,0.0,0.0106,0.0444,anger,0.9239,473,0,473,borealis,0.304,0.81,0.529
fondness,0.9221,0.026,0.026,0.0,0.0,0.026,joy,0.9221,77,0,77,borealis,0.885,0.391,0.503
love,0.9173,0.0191,0.0191,0.0089,0.0324,0.0032,joy,0.9173,2467,139,2328,both,1.0,0.519,0.673
pretty,0.9146,0.0122,0.0366,0.0122,0.0244,0.0,joy,0.9146,82,79,3,both,0.875,0.516,0.561
vulnerable,0.0113,0.0151,0.0416,0.913,0.017,0.0019,fear,0.913,529,315,214,both,0.198,0.49,0.245
blank,0.0145,0.913,0.0145,0.029,0.0,0.029,sadness,0.913,138,125,13,both,0.531,0.229,0.25
despised,0.0,0.087,0.913,0.0,0.0,0.0,anger,0.913,23,23,0,dair,,,
revolt,0.0,0.0,0.9091,0.0,0.0,0.0909,anger,0.9091,66,0,66,borealis,0.343,0.878,0.658
grief,0.0548,0.9078,0.0029,0.0,0.0173,0.0173,sadness,0.9078,347,13,334,both,0.07,0.64,0.474
artistic,0.9077,0.0,0.0,0.0154,0.0,0.0769,joy,0.9077,65,57,8,both,0.802,0.646,0.632
pleasure,0.9026,0.0,0.0147,0.0021,0.0052,0.0754,joy,0.9026,955,1,954,both,0.939,0.74,0.682
hot,0.0357,0.0,0.0357,0.0,0.9018,0.0268,love,0.9018,112,100,12,both,0.49,0.74,0.573
awful,0.0075,0.9011,0.0821,0.0075,0.0,0.0019,sadness,0.9011,536,482,54,both,0.061,0.786,0.45
dazed,0.0248,0.0396,0.0297,0.005,0.0,0.901,surprise,0.901,202,177,25,both,0.3,0.697,0.277
alienated,0.06,0.9,0.0,0.0,0.0,0.04,sadness,0.9,50,1,49,both,0.41,0.423,0.559
sorrow,0.0694,0.8991,0.0032,0.0221,0.0,0.0063,sadness,0.8991,317,8,309,both,0.052,0.235,0.164
disrespect,0.1053,0.0,0.8947,0.0,0.0,0.0,anger,0.8947,19,1,18,both,0.062,0.637,0.302
perfectly,0.8936,0.0426,0.0213,0.0,0.0426,0.0,joy,0.8936,47,47,0,dair,,,
frantic,0.0,0.0,0.0,0.8917,0.0,0.1083,fear,0.8917,157,140,17,both,0.21,0.89,0.627
offense,0.0,0.0333,0.8917,0.0417,0.0,0.0333,anger,0.8917,120,0,120,borealis,0.23,0.765,0.51
rush,0.0,0.0182,0.0,0.0909,0.0,0.8909,surprise,0.8909,55,0,55,borealis,0.406,0.809,0.546
weary,0.0137,0.8904,0.0,0.0,0.0137,0.0822,sadness,0.8904,73,0,73,borealis,0.194,0.281,0.202
livid,0.0556,0.0,0.8889,0.0,0.0,0.0556,anger,0.8889,54,0,54,borealis,0.469,0.788,0.49
insignificant,0.037,0.8889,0.0741,0.0,0.0,0.0,sadness,0.8889,27,3,24,both,0.083,0.306,0.114
overjoyed,0.8889,0.1111,0.0,0.0,0.0,0.0,joy,0.8889,27,1,26,both,0.908,0.708,0.755
unkind,0.0,0.1111,0.8889,0.0,0.0,0.0,anger,0.8889,18,10,8,both,0.135,0.409,0.31
undecided,0.0,0.0,0.0,0.1111,0.0,0.8889,surprise,0.8889,18,0,18,borealis,0.286,0.433,0.127
bitter,0.0156,0.0703,0.8867,0.0039,0.0137,0.0098,anger,0.8867,512,231,281,both,0.218,0.627,0.411
pride,0.8853,0.013,0.0854,0.009,0.0,0.0073,joy,0.8853,1229,6,1223,both,0.729,0.634,0.848
suspicion,0.0169,0.0,0.0,0.8847,0.0305,0.0678,fear,0.8847,295,0,295,borealis,0.204,0.711,0.377
heartbreak,0.0333,0.8833,0.0167,0.0,0.0,0.0667,sadness,0.8833,60,2,58,both,0.208,0.61,0.245
aggressive,0.0051,0.0,0.8832,0.0558,0.0,0.0558,anger,0.8832,197,0,197,borealis,0.125,0.949,0.648
uncaring,0.0133,0.0667,0.88,0.0,0.0,0.04,anger,0.88,75,1,74,both,0.177,0.245,0.321
homesick,0.0754,0.8794,0.0,0.0,0.0151,0.0302,sadness,0.8794,199,166,33,both,0.436,0.304,0.347
missing,0.0172,0.8793,0.0,0.0345,0.0,0.069,sadness,0.8793,58,0,58,borealis,0.306,0.418,0.222
negative,0.0606,0.8788,0.0,0.0,0.0,0.0606,sadness,0.8788,33,3,30,both,0.102,0.527,0.176
wary,0.0071,0.0,0.0,0.8786,0.0429,0.0714,fear,0.8786,140,0,140,borealis,0.51,0.343,0.535
successful,0.8779,0.0,0.0,0.0,0.0174,0.1047,joy,0.8779,172,142,30,both,0.949,0.724,0.938
repulsion,0.0,0.0,0.8776,0.102,0.0,0.0204,anger,0.8776,49,0,49,borealis,0.247,0.673,0.353
fake,0.0089,0.875,0.0179,0.0,0.0446,0.0536,sadness,0.875,112,99,13,both,0.073,0.554,0.268
fool,0.0,0.0,0.875,0.0,0.125,0.0,anger,0.875,40,0,40,borealis,0.16,0.56,0.148
books,0.0625,0.0,0.875,0.0,0.0625,0.0,anger,0.875,16,16,0,dair,,,
unexpected,0.0,0.0,0.0,0.125,0.0,0.875,surprise,0.875,16,0,16,borealis,0.5,0.72,0.333
searching,0.0625,0.0625,0.0,0.0,0.0,0.875,surprise,0.875,16,0,16,borealis,0.534,0.657,0.466
closeness,0.0625,0.0625,0.0,0.0,0.875,0.0,love,0.875,16,0,16,borealis,0.796,0.237,0.45
convinced,0.8744,0.0,0.029,0.0145,0.0676,0.0145,joy,0.8744,207,181,26,both,0.75,0.5,0.63
alone,0.0329,0.8734,0.0456,0.0354,0.0101,0.0025,sadness,0.8734,395,323,72,both,0.333,0.167,0.216
isolated,0.024,0.872,0.002,0.056,0.026,0.02,sadness,0.872,500,335,165,both,0.221,0.356,0.255
insecure,0.0039,0.0168,0.044,0.8718,0.0596,0.0039,fear,0.8718,772,320,452,both,0.114,0.538,0.132
serene,0.0,0.0645,0.0323,0.0323,0.871,0.0,love,0.871,31,1,30,both,0.802,0.132,0.37
shaken,0.0048,0.0431,0.067,0.8708,0.0,0.0144,fear,0.8708,209,179,30,both,0.344,0.657,0.333
sad,0.0775,0.8692,0.0173,0.0084,0.0046,0.023,sadness,0.8692,3471,570,2901,both,0.225,0.333,0.149
contempt,0.011,0.0,0.864,0.114,0.0,0.011,anger,0.864,272,2,270,both,0.206,0.635,0.396
discouraged,0.0118,0.8609,0.003,0.0355,0.0,0.0888,sadness,0.8609,338,272,66,both,0.22,0.304,0.09
regret,0.0252,0.8599,0.0009,0.0017,0.0174,0.0949,sadness,0.8599,1149,19,1130,both,0.23,0.623,0.331
incredulous,0.0714,0.0,0.8571,0.0,0.0,0.0714,anger,0.8571,28,0,28,borealis,0.286,0.51,0.269
thoughtful,0.0,0.0233,0.0845,0.0117,0.8542,0.0262,love,0.8542,343,0,343,borealis,0.667,0.29,0.527
resentful,0.0612,0.0012,0.8519,0.0012,0.06,0.0245,anger,0.8519,817,303,514,both,0.12,0.608,0.324
positive,0.8511,0.034,0.0043,0.0043,0.0213,0.0851,joy,0.8511,235,141,94,both,0.959,0.51,0.855
solemn,0.85,0.025,0.025,0.0,0.025,0.075,joy,0.85,40,30,10,both,0.708,0.37,0.709
under,0.85,0.1,0.0,0.05,0.0,0.0,joy,0.85,20,20,0,dair,,,
repugnant,0.0,0.0,0.85,0.0,0.0,0.15,anger,0.85,20,0,20,borealis,0.061,0.735,0.453
casual,0.8485,0.0,0.0606,0.0,0.0303,0.0606,joy,0.8485,33,27,6,both,0.643,0.224,0.385
amused,0.8472,0.0053,0.0988,0.0092,0.0,0.0395,joy,0.8472,759,119,640,both,0.942,0.847,0.596
reassured,0.8469,0.006,0.0099,0.0219,0.0676,0.0477,joy,0.8469,503,415,88,both,0.854,0.186,0.519
preoccupation,0.0,0.0312,0.0312,0.0938,0.0,0.8438,surprise,0.8438,32,0,32,borealis,0.375,0.694,0.38
gloom,0.1316,0.8421,0.0,0.0,0.0,0.0263,sadness,0.8421,38,0,38,borealis,0.135,0.404,0.196
consolation,0.8421,0.0526,0.0,0.0,0.0526,0.0526,joy,0.8421,19,0,19,borealis,0.408,0.25,0.304
oh,0.8387,0.043,0.0323,0.0538,0.0215,0.0108,joy,0.8387,93,93,0,dair,,,
tender,0.1,0.0077,0.0538,0.0,0.8385,0.0,love,0.8385,130,101,29,both,0.63,0.52,0.509
incensed,0.0541,0.0,0.8378,0.0,0.0,0.1081,anger,0.8378,37,0,37,borealis,0.338,0.643,0.392
anxiety,0.0091,0.0091,0.0206,0.837,0.008,0.1162,fear,0.837,1988,10,1978,both,0.146,0.865,0.342
desire,0.0152,0.0065,0.0805,0.0555,0.0054,0.8368,surprise,0.8368,919,1,918,both,0.896,0.692,0.647
complacent,0.8362,0.0172,0.069,0.0345,0.0172,0.0259,joy,0.8362,116,97,19,both,0.625,0.452,0.518
melancholy,0.0691,0.8351,0.0,0.0,0.0,0.0957,sadness,0.8351,188,102,86,both,0.188,0.26,0.237
appreciative,0.835,0.0029,0.0116,0.0043,0.0941,0.0521,joy,0.835,691,195,496,both,0.857,0.38,0.654
troubled,0.0101,0.8338,0.0277,0.1058,0.0025,0.0202,sadness,0.8338,397,302,95,both,0.167,0.627,0.385
revenge,0.0,0.0,0.8333,0.0667,0.0,0.1,anger,0.8333,30,0,30,borealis,0.23,0.94,0.627
argue,0.0417,0.0,0.8333,0.0,0.0833,0.0417,anger,0.8333,24,0,24,borealis,0.093,0.798,0.525
carefree,0.8327,0.0082,0.0367,0.0245,0.0735,0.0245,joy,0.8327,245,174,71,both,0.755,0.22,0.5
apathy,0.0977,0.8308,0.0,0.0,0.0338,0.0376,sadness,0.8308,266,0,266,borealis,0.184,0.212,0.204
smart,0.8298,0.0213,0.0043,0.0,0.0553,0.0894,joy,0.8298,235,197,38,both,0.906,0.607,0.923
pity,0.0956,0.8287,0.0319,0.0,0.0319,0.012,sadness,0.8287,251,41,210,both,0.16,0.398,0.114
energized,0.8276,0.069,0.0,0.0,0.0517,0.0517,joy,0.8276,58,58,0,dair,,,
annoyed,0.0076,0.0511,0.8272,0.012,0.0019,0.1003,anger,0.8272,1586,311,1275,both,0.104,0.783,0.345
stunned,0.0076,0.0,0.0,0.1667,0.0038,0.822,surprise,0.822,264,100,164,both,0.306,0.663,0.356
revulsion,0.0,0.0,0.8182,0.1818,0.0,0.0,anger,0.8182,66,1,65,both,0.104,0.765,0.343
unhappy,0.0225,0.8135,0.1606,0.0,0.0,0.0035,sadness,0.8135,579,273,306,both,0.112,0.5,0.155
trust,0.0117,0.0292,0.0292,0.0936,0.8129,0.0234,love,0.8129,171,2,169,both,0.888,0.547,0.741
dejected,0.0,0.8113,0.0943,0.0,0.0,0.0943,sadness,0.8113,53,0,53,borealis,0.104,0.654,0.347
loneliness,0.0385,0.8109,0.0,0.0946,0.0438,0.0123,sadness,0.8109,571,3,568,both,0.146,0.182,0.222
distracted,0.0097,0.0,0.8102,0.0,0.0024,0.1776,anger,0.8102,411,220,191,both,0.194,0.392,0.213
fully,0.8077,0.0385,0.0385,0.0,0.0769,0.0385,joy,0.8077,26,26,0,dair,,,
cherish,0.1452,0.0,0.0,0.0,0.8065,0.0484,love,0.8065,62,50,12,both,0.896,0.491,0.652
wisdom,0.0,0.0968,0.0323,0.0323,0.8065,0.0323,love,0.8065,31,0,31,borealis,0.93,0.302,0.871
pain,0.0386,0.8057,0.0116,0.1184,0.0116,0.0142,sadness,0.8057,777,67,710,both,0.012,0.765,0.395
patience,0.0,0.0089,0.0536,0.0179,0.1161,0.8036,surprise,0.8036,112,0,112,borealis,0.771,0.125,0.387
awkward,0.0155,0.8004,0.0843,0.0067,0.0044,0.0887,sadness,0.8004,451,342,109,both,0.296,0.65,0.358
proactive,0.1333,0.0,0.0667,0.0,0.0,0.8,surprise,0.8,15,0,15,borealis,0.792,0.723,0.857
assured,0.7995,0.0147,0.022,0.0147,0.1247,0.0244,joy,0.7995,409,327,82,both,0.878,0.327,0.754
rejected,0.0053,0.7995,0.0528,0.1003,0.0053,0.0369,sadness,0.7995,379,288,91,both,0.102,0.48,0.25
misery,0.0658,0.7984,0.0988,0.0288,0.0041,0.0041,sadness,0.7984,243,0,243,borealis,0.146,0.378,0.158
numb,0.005,0.7955,0.1746,0.01,0.005,0.01,sadness,0.7955,401,308,93,both,0.108,0.42,0.352
creative,0.7955,0.0,0.0114,0.0114,0.0,0.1818,joy,0.7955,88,54,34,both,0.917,0.518,0.788
uninterested,0.0,0.7955,0.0,0.0,0.0,0.2045,sadness,0.7955,88,0,88,borealis,0.365,0.24,0.328
horny,0.0422,0.0084,0.0295,0.0,0.7932,0.1266,love,0.7932,237,189,48,both,0.49,0.908,0.56
broken,0.0417,0.7917,0.0417,0.125,0.0,0.0,sadness,0.7917,24,7,17,both,0.062,0.5,0.293
guilty,0.0164,0.7913,0.171,0.0077,0.0097,0.0039,sadness,0.7913,1035,577,458,both,0.135,0.77,0.352
exasperated,0.0233,0.0233,0.7907,0.0,0.0,0.1628,anger,0.7907,86,0,86,borealis,0.229,0.816,0.377
unsurprised,0.0526,0.0,0.1053,0.0526,0.0,0.7895,surprise,0.7895,19,0,19,borealis,,,
loss,0.1212,0.7879,0.0,0.0303,0.0606,0.0,sadness,0.7879,66,7,59,both,0.062,0.567,0.211
flustered,0.0303,0.0303,0.7879,0.0606,0.0,0.0909,anger,0.7879,33,0,33,borealis,0.316,0.903,0.283
fascinated,0.0804,0.0,0.0536,0.0804,0.0,0.7857,surprise,0.7857,112,1,111,both,0.812,0.714,0.788
sleep,0.0357,0.7857,0.0714,0.0,0.0357,0.0714,sadness,0.7857,28,26,2,both,0.719,0.09,0.339
playful,0.7854,0.0043,0.0773,0.0129,0.0258,0.0944,joy,0.7854,233,53,180,both,0.892,0.688,0.463
sleepy,0.0588,0.1176,0.0392,0.0,0.0,0.7843,surprise,0.7843,51,4,47,both,0.604,0.125,0.25
admiration,0.7829,0.0019,0.0194,0.0019,0.1899,0.0039,joy,0.7829,516,5,511,both,0.969,0.583,0.726
astonished,0.0909,0.0091,0.0788,0.0333,0.0061,0.7818,surprise,0.7818,330,50,280,both,0.51,0.775,0.574
weirdo,0.0,0.0,0.0,0.7812,0.0,0.2188,fear,0.7812,32,0,32,borealis,0.173,0.539,0.328
intelligent,0.781,0.0,0.019,0.0,0.1905,0.0095,joy,0.781,105,82,23,both,0.917,0.541,0.868
repressed,0.0,0.7805,0.1341,0.0488,0.0,0.0366,sadness,0.7805,82,60,22,both,0.188,0.337,0.311
better,0.7791,0.1279,0.0426,0.0349,0.0116,0.0039,joy,0.7791,258,258,0,dair,,,
hopeless,0.0114,0.779,0.0038,0.1806,0.0051,0.0202,sadness,0.779,792,354,438,both,0.094,0.298,0.112
haunted,0.0,0.1481,0.037,0.7778,0.0,0.037,fear,0.7778,27,1,26,both,0.264,0.731,0.52
sickened,0.0,0.0556,0.7778,0.0,0.1111,0.0556,anger,0.7778,18,18,0,dair,,,
grounded,0.7778,0.0,0.0,0.1667,0.0,0.0556,joy,0.7778,18,13,5,both,0.531,0.601,0.509
empty,0.027,0.7774,0.118,0.0388,0.0034,0.0354,sadness,0.7774,593,378,215,both,0.188,0.183,0.081
disturbed,0.0027,0.7763,0.221,0.0,0.0,0.0,sadness,0.7763,371,277,94,both,0.125,0.87,0.305
dangerous,0.0,0.0,0.775,0.225,0.0,0.0,anger,0.775,80,62,18,both,0.02,0.941,0.658
deviousness,0.0455,0.0,0.7727,0.0,0.0,0.1818,anger,0.7727,22,0,22,borealis,,,
stronger,0.7711,0.1084,0.012,0.0602,0.0241,0.0241,joy,0.7711,83,83,0,dair,,,
horror,0.0139,0.0556,0.1042,0.7708,0.0,0.0556,fear,0.7708,144,2,142,both,0.115,0.85,0.438
un,0.7692,0.0769,0.0385,0.0,0.1154,0.0,joy,0.7692,26,26,0,dair,,,
familiarity,0.0385,0.0,0.0,0.0385,0.1538,0.7692,surprise,0.7692,26,0,26,borealis,0.854,0.346,0.616
relatively,0.7667,0.1333,0.0333,0.0,0.0333,0.0333,joy,0.7667,30,30,0,dair,,,
thinking,0.0,0.0,0.1,0.1,0.0333,0.7667,surprise,0.7667,30,0,30,borealis,0.72,0.308,0.595
malice,0.0,0.0,0.7667,0.1,0.1333,0.0,anger,0.7667,30,0,30,borealis,0.073,0.811,0.492
affection,0.7664,0.0263,0.0263,0.0066,0.1743,0.0,joy,0.7664,304,2,302,both,0.898,0.559,0.696
inspired,0.7661,0.0102,0.0085,0.0119,0.0932,0.1102,joy,0.7661,590,249,341,both,0.967,0.702,0.736
somber,0.0714,0.7643,0.0,0.0,0.0071,0.1571,sadness,0.7643,140,0,140,borealis,0.184,0.5,0.38
abandoned,0.0,0.7634,0.0753,0.1183,0.0,0.043,sadness,0.7634,93,1,92,both,0.046,0.481,0.13
glee,0.7632,0.0789,0.1316,0.0,0.0,0.0263,joy,0.7632,38,0,38,borealis,0.698,0.58,0.464
careless,0.0,0.0289,0.763,0.0636,0.0462,0.0983,anger,0.763,173,0,173,borealis,0.255,0.431,0.125
rejuvenated,0.76,0.12,0.04,0.04,0.04,0.0,joy,0.76,25,21,4,both,0.809,0.673,0.7
preference,0.04,0.0,0.08,0.0,0.12,0.76,surprise,0.76,25,0,25,borealis,0.792,0.5,0.72
discontent,0.0046,0.7593,0.1898,0.0278,0.0,0.0185,sadness,0.7593,216,164,52,both,0.24,0.53,0.263
surprisingly,0.7586,0.069,0.069,0.0345,0.0345,0.0345,joy,0.7586,29,29,0,dair,,,
riled,0.0,0.0,0.7576,0.0303,0.0303,0.1818,anger,0.7576,33,0,33,borealis,,,
busy,0.0303,0.1212,0.0606,0.0,0.0303,0.7576,surprise,0.7576,33,0,33,borealis,0.402,0.5,0.474
sympathy,0.0829,0.7569,0.0,0.0,0.116,0.0442,sadness,0.7569,362,12,350,both,0.827,0.497,0.634
bashful,0.0154,0.0308,0.1538,0.7538,0.0,0.0462,fear,0.7538,65,49,16,both,0.4,0.406,0.217
defiance,0.0769,0.0,0.7538,0.1077,0.0154,0.0462,anger,0.7538,65,0,65,borealis,0.333,0.78,0.76
observant,0.0647,0.0176,0.1059,0.0412,0.0176,0.7529,surprise,0.7529,170,0,170,borealis,0.74,0.422,0.708
peaceful,0.7522,0.0101,0.0226,0.0101,0.0629,0.1421,joy,0.7522,795,413,382,both,0.867,0.108,0.569
smug,0.7516,0.0,0.1988,0.0,0.0,0.0497,joy,0.7516,161,108,53,both,0.198,0.552,0.587
disconnected,0.0909,0.75,0.0455,0.0,0.1136,0.0,sadness,0.75,44,7,37,both,0.292,0.276,0.173
enthralled,0.1,0.025,0.0,0.025,0.1,0.75,surprise,0.75,40,25,15,both,0.745,0.602,0.615
sneaky,0.025,0.0,0.225,0.0,0.0,0.75,surprise,0.75,40,1,39,both,0.24,0.74,0.56
torn,0.0417,0.75,0.0833,0.0417,0.0,0.0833,sadness,0.75,24,3,21,both,0.153,0.51,0.283
suicidal,0.0,0.75,0.0,0.25,0.0,0.0,sadness,0.75,20,0,20,borealis,0.021,0.867,0.382
desperately,0.0,0.75,0.125,0.125,0.0,0.0,sadness,0.75,16,16,0,dair,,,
present,0.125,0.0,0.0,0.0625,0.0625,0.75,surprise,0.75,16,0,16,borealis,0.724,0.286,0.634
timid,0.0059,0.1412,0.0,0.7471,0.0118,0.0941,fear,0.7471,170,73,97,both,0.327,0.276,0.132
keen,0.7451,0.0196,0.0196,0.0,0.0196,0.1961,joy,0.7451,51,37,14,both,0.823,0.719,0.806
agony,0.0,0.2,0.744,0.056,0.0,0.0,anger,0.744,125,0,125,borealis,0.083,0.775,0.393
enjoyment,0.7439,0.0073,0.0195,0.0024,0.0024,0.2244,joy,0.7439,410,1,409,both,0.93,0.612,0.716
despondent,0.0256,0.7436,0.0513,0.0256,0.0256,0.1282,sadness,0.7436,39,1,38,both,0.133,0.378,0.221
dream,0.0256,0.1282,0.0,0.0,0.1026,0.7436,surprise,0.7436,39,0,39,borealis,0.844,0.157,0.328
eager,0.2516,0.0013,0.0013,0.0013,0.0038,0.7409,surprise,0.7409,799,197,602,both,0.521,0.812,0.306
mocking,0.1739,0.0,0.7391,0.0,0.0435,0.0435,anger,0.7391,23,0,23,borealis,0.082,0.755,0.394
evil,0.0435,0.0435,0.1739,0.7391,0.0,0.0,fear,0.7391,23,0,23,borealis,0.04,0.827,0.545
crushed,0.0308,0.7385,0.2,0.0308,0.0,0.0,sadness,0.7385,65,1,64,both,0.167,0.647,0.3
unwanted,0.0,0.1053,0.7368,0.0526,0.0,0.1053,anger,0.7368,19,4,15,both,0.177,0.546,0.205
energetic,0.7365,0.0032,0.0254,0.0127,0.0,0.2222,joy,0.7365,315,181,134,both,0.847,0.868,0.902
innocent,0.736,0.008,0.104,0.072,0.064,0.016,joy,0.736,125,93,32,both,0.729,0.206,0.34
lazy,0.0408,0.1224,0.102,0.0,0.0,0.7347,surprise,0.7347,49,6,43,both,0.392,0.264,0.096
dread,0.0035,0.0,0.0,0.7343,0.0035,0.2587,fear,0.7343,286,1,285,both,0.153,0.792,0.368
ready,0.2333,0.0,0.0,0.0333,0.0,0.7333,surprise,0.7333,30,8,22,both,0.77,0.388,0.648
vigorous,0.7333,0.0,0.0,0.0,0.2667,0.0,joy,0.7333,15,11,4,both,0.857,0.77,0.897
belong,0.2667,0.0,0.0,0.0,0.7333,0.0,love,0.7333,15,0,15,borealis,0.643,0.405,0.569
involve,0.0667,0.0,0.0667,0.0,0.1333,0.7333,surprise,0.7333,15,0,15,borealis,0.694,0.49,0.728
inferior,0.0811,0.7297,0.0,0.0,0.0946,0.0946,sadness,0.7297,74,2,72,both,0.26,0.254,0.106
emotionless,0.0811,0.1081,0.7297,0.0811,0.0,0.0,anger,0.7297,37,0,37,borealis,,,
fairly,0.7273,0.1558,0.039,0.0519,0.013,0.013,joy,0.7273,77,77,0,dair,,,
contentious,0.0,0.0,0.7273,0.0606,0.0909,0.1212,anger,0.7273,33,0,33,borealis,0.422,0.573,0.637
ambition,0.0765,0.0109,0.0383,0.0164,0.1311,0.7268,surprise,0.7268,183,0,183,borealis,0.51,0.804,0.661
aspiration,0.1724,0.0,0.0,0.0,0.1034,0.7241,surprise,0.7241,29,0,29,borealis,0.704,0.724,0.675
faithful,0.1905,0.0095,0.0476,0.0095,0.7238,0.019,love,0.7238,105,41,64,both,0.888,0.333,0.627
greed,0.0602,0.0,0.7229,0.0,0.0723,0.1446,anger,0.7229,83,2,81,both,0.173,0.78,0.528
restless,0.0,0.0108,0.0405,0.7216,0.0054,0.2216,fear,0.7216,370,268,102,both,0.219,0.81,0.304
emotionally,0.0439,0.7193,0.0614,0.1404,0.0175,0.0175,sadness,0.7193,114,114,0,dair,,,
cold,0.0602,0.0185,0.7176,0.1204,0.0046,0.0787,anger,0.7176,216,123,93,both,0.398,0.538,0.348
despair,0.0191,0.7166,0.1231,0.1263,0.0053,0.0096,sadness,0.7166,942,6,936,both,0.115,0.794,0.245
cocky,0.0236,0.0,0.7165,0.0709,0.0787,0.1102,anger,0.7165,127,0,127,borealis,0.26,0.784,0.519
hopeful,0.2175,0.01,0.0021,0.0031,0.0522,0.715,surprise,0.715,3811,271,3540,both,0.947,0.357,0.627
amazingly,0.7143,0.0714,0.0714,0.0357,0.1071,0.0,joy,0.7143,28,28,0,dair,,,
persuade,0.0,0.0,0.0357,0.0714,0.7143,0.1786,love,0.7143,28,0,28,borealis,0.62,0.618,0.709
mesmerized,0.0952,0.0,0.0476,0.1429,0.0,0.7143,surprise,0.7143,21,1,20,both,0.52,0.552,0.421
attentive,0.0,0.0254,0.1558,0.0254,0.7138,0.0797,love,0.7138,276,0,276,borealis,0.812,0.52,0.724
satisfaction,0.7136,0.0074,0.0623,0.0,0.046,0.1706,joy,0.7136,674,2,672,both,0.939,0.637,0.673
impressed,0.2711,0.0,0.0124,0.0,0.0075,0.709,surprise,0.709,402,239,163,both,0.806,0.77,0.429
awe,0.7062,0.0339,0.0537,0.0169,0.0,0.1893,joy,0.7062,354,1,353,both,0.469,0.74,0.3
concerned,0.0176,0.1675,0.0,0.706,0.0385,0.0704,fear,0.706,1194,0,1194,borealis,0.292,0.698,0.35
self,0.7059,0.1765,0.0,0.0882,0.0294,0.0,joy,0.7059,34,34,0,dair,,,
strategy,0.0588,0.0,0.0,0.1765,0.0588,0.7059,surprise,0.7059,17,0,17,borealis,0.704,0.667,0.858
goodwill,0.7045,0.0,0.0682,0.0227,0.1364,0.0682,joy,0.7045,44,0,44,borealis,0.938,0.327,0.667
relaxed,0.7042,0.0088,0.0176,0.0158,0.0616,0.1919,joy,0.7042,568,260,308,both,0.865,0.09,0.382
imaginative,0.1111,0.0185,0.0741,0.0741,0.0185,0.7037,surprise,0.7037,54,0,54,borealis,0.78,0.541,0.593
disagreement,0.0,0.1481,0.7037,0.0,0.0741,0.0741,anger,0.7037,27,0,27,borealis,0.104,0.618,0.236
egotistical,0.037,0.0,0.7037,0.0,0.0741,0.1852,anger,0.7037,27,0,27,borealis,0.156,0.667,0.363
disgruntled,0.0,0.2593,0.7037,0.0,0.037,0.0,anger,0.7037,27,0,27,borealis,0.104,0.658,0.442
approval,0.0851,0.0,0.0426,0.0213,0.1489,0.7021,surprise,0.7021,47,0,47,borealis,0.854,0.46,0.889
hatred,0.0,0.0345,0.6977,0.2678,0.0,0.0,anger,0.6977,956,7,949,both,0.037,0.847,0.424
victimized,0.0058,0.6977,0.1744,0.1105,0.0,0.0116,sadness,0.6977,172,112,60,both,0.115,0.644,0.273
fearless,0.6972,0.0,0.0,0.2113,0.0634,0.0282,joy,0.6972,142,96,46,both,0.81,0.806,0.76
focus,0.0282,0.0329,0.1033,0.0798,0.061,0.6948,surprise,0.6948,213,0,213,borealis,0.69,0.382,0.648
honesty,0.0,0.0513,0.2051,0.0128,0.6923,0.0385,love,0.6923,78,0,78,borealis,0.938,0.411,0.728
superior,0.6911,0.0105,0.0942,0.0209,0.0366,0.1466,joy,0.6911,191,118,73,both,0.801,0.697,0.94
upset,0.0072,0.3005,0.6899,0.0,0.0,0.0024,anger,0.6899,832,4,828,both,0.071,0.68,0.33
ashamed,0.021,0.6889,0.2815,0.0012,0.0037,0.0037,sadness,0.6889,810,492,318,both,0.156,0.588,0.228
sentimental,0.1884,0.6884,0.0217,0.0072,0.029,0.0652,sadness,0.6884,138,87,51,both,0.583,0.378,0.312
mortification,0.0,0.1562,0.6875,0.0625,0.0,0.0938,anger,0.6875,32,0,32,borealis,0.135,0.644,0.404
abhorrent,0.0,0.0,0.6875,0.3125,0.0,0.0,anger,0.6875,16,0,16,borealis,0.229,0.75,0.474
drive,0.0244,0.0488,0.1463,0.0732,0.0244,0.6829,surprise,0.6829,41,0,41,borealis,0.625,0.689,0.713
supportive,0.1705,0.0227,0.0,0.0,0.6818,0.125,love,0.6818,88,15,73,both,0.875,0.42,0.635
watchful,0.0,0.1364,0.0455,0.0,0.6818,0.1364,love,0.6818,22,0,22,borealis,0.386,0.49,0.675
lighter,0.68,0.2,0.0,0.04,0.04,0.04,joy,0.68,50,50,0,dair,,,
outgoing,0.68,0.0,0.04,0.0,0.0,0.28,joy,0.68,25,16,9,both,0.65,0.472,0.538
aroused,0.0161,0.0161,0.2742,0.0,0.0161,0.6774,surprise,0.6774,62,1,61,both,0.708,0.952,0.667
stubborn,0.0,0.0244,0.6768,0.0732,0.0793,0.1463,anger,0.6768,164,47,117,both,0.157,0.702,0.575
secure,0.0294,0.0,0.0,0.2353,0.6765,0.0588,love,0.6765,68,4,64,both,0.844,0.38,0.914
easily,0.1176,0.0,0.6765,0.2059,0.0,0.0,anger,0.6765,34,34,0,dair,,,
distraught,0.0,0.3254,0.0,0.6746,0.0,0.0,fear,0.6746,169,114,55,both,0.115,0.903,0.264
startled,0.0205,0.0068,0.0819,0.215,0.0034,0.6724,surprise,0.6724,293,26,267,both,0.333,0.865,0.526
caring,0.0471,0.0087,0.0768,0.0297,0.6719,0.1658,love,0.6719,573,16,557,both,0.635,0.469,0.5
fulfilled,0.2367,0.0145,0.0145,0.0,0.0628,0.6715,surprise,0.6715,207,1,206,both,0.896,0.48,0.676
unpleasant,0.0,0.6714,0.3286,0.0,0.0,0.0,sadness,0.6714,70,44,26,both,0.122,0.612,0.185
amazed,0.2829,0.0062,0.0273,0.0112,0.0012,0.6712,surprise,0.6712,806,383,423,both,0.796,0.779,0.533
enthusiasm,0.671,0.0,0.0258,0.0032,0.0,0.3,joy,0.671,310,0,310,borealis,0.938,0.816,0.798
decide,0.0377,0.1415,0.0472,0.0472,0.0566,0.6698,surprise,0.6698,106,0,106,borealis,0.656,0.54,0.855
judgmental,0.0321,0.0138,0.6697,0.0505,0.1422,0.0917,anger,0.6697,218,0,218,borealis,0.33,0.602,0.579
pretense,0.0833,0.0139,0.1528,0.0278,0.0556,0.6667,surprise,0.6667,72,0,72,borealis,0.323,0.6,0.54
greatly,0.6667,0.1389,0.0833,0.0278,0.0833,0.0,joy,0.6667,36,36,0,dair,,,
foreboding,0.0,0.0,0.0,0.3333,0.0,0.6667,surprise,0.6667,21,0,21,borealis,0.439,0.706,0.636
tough,0.0,0.6667,0.0,0.0,0.1333,0.2,sadness,0.6667,15,1,14,both,0.344,0.588,0.742
confined,0.0667,0.1333,0.0667,0.6667,0.0,0.0667,fear,0.6667,15,1,14,both,0.286,0.472,0.444
shocked,0.0156,0.0613,0.1995,0.0587,0.0007,0.6643,surprise,0.6643,1534,295,1239,both,0.292,0.773,0.375
contemplative,0.0462,0.0462,0.1154,0.1077,0.0231,0.6615,surprise,0.6615,130,0,130,borealis,0.729,0.308,0.739
disappointment,0.0275,0.6611,0.2389,0.0,0.0053,0.0672,sadness,0.6611,1310,3,1307,both,0.115,0.49,0.336
committed,0.0,0.0426,0.1064,0.0213,0.6596,0.1702,love,0.6596,47,1,46,both,0.71,0.542,0.712
wonder,0.0896,0.0299,0.0896,0.0709,0.0634,0.6567,surprise,0.6567,268,2,266,both,0.939,0.771,0.765
daring,0.1724,0.0,0.0345,0.1034,0.0345,0.6552,surprise,0.6552,29,0,29,borealis,0.583,0.84,0.711
optimism,0.1481,0.01,0.0,0.0166,0.1714,0.6539,surprise,0.6539,601,0,601,borealis,0.949,0.565,0.814
direct,0.0,0.0,0.2308,0.0,0.1154,0.6538,surprise,0.6538,26,0,26,borealis,0.793,0.403,0.65
hunger,0.0544,0.0272,0.2449,0.0204,0.0,0.6531,surprise,0.6531,147,5,142,both,0.083,0.554,0.328
snap,0.0435,0.1739,0.6522,0.0435,0.0435,0.0435,anger,0.6522,23,0,23,borealis,0.344,0.517,0.352
withdrawn,0.0,0.65,0.2083,0.025,0.0167,0.1,sadness,0.65,120,0,120,borealis,0.182,0.368,0.221
a,0.1667,0.1667,0.1667,0.1667,0.1667,0.1667,joy,0.1667,0,0,0,connecting,0.5,0.3,0.5
am,0.1667,0.1667,0.1667,0.1667,0.1667,0.1667,joy,0.1667,0,0,0,connecting,0.5,0.3,0.5
an,0.1667,0.1667,0.1667,0.1667,0.1667,0.1667,joy,0.1667,0,0,0,connecting,0.5,0.3,0.5
and,0.1667,0.1667,0.1667,0.1667,0.1667,0.1667,joy,0.1667,0,0,0,connecting,0.5,0.3,0.5
are,0.1667,0.1667,0.1667,0.1667,0.1667,0.1667,joy,0.1667,0,0,0,connecting,0.5,0.3,0.5
as,0.1667,0.1667,0.1667,0.1667,0.1667,0.1667,joy,0.1667,0,0,0,connecting,0.5,0.3,0.5
at,0.1667,0.1667,0.1667,0.1667,0.1667,0.1667,joy,0.1667,0,0,0,connecting,0.5,0.3,0.5
be,0.1667,0.1667,0.1667,0.1667,0.1667,0.1667,joy,0.1667,0,0,0,connecting,0.5,0.3,0.5
been,0.1667,0.1667,0.1667,0.1667,0.1667,0.1667,joy,0.1667,0,0,0,connecting,0.5,0.3,0.5
being,0.1667,0.1667,0.1667,0.1667,0.1667,0.1667,joy,0.1667,0,0,0,connecting,0.5,0.3,0.5
but,0.1667,0.1667,0.1667,0.1667,0.1667,0.1667,joy,0.1667,0,0,0,connecting,0.5,0.3,0.5
by,0.1667,0.1667,0.1667,0.1667,0.1667,0.1667,joy,0.1667,0,0,0,connecting,0.5,0.3,0.5
did,0.1667,0.1667,0.1667,0.1667,0.1667,0.1667,joy,0.1667,0,0,0,connecting,0.5,0.3,0.5
do,0.1667,0.1667,0.1667,0.1667,0.1667,0.1667,joy,0.1667,0,0,0,connecting,0.5,0.3,0.5
does,0.1667,0.1667,0.1667,0.1667,0.1667,0.1667,joy,0.1667,0,0,0,connecting,0.5,0.3,0.5
for,0.1667,0.1667,0.1667,0.1667,0.1667,0.1667,joy,0.1667,0,0,0,connecting,0.5,0.3,0.5
from,0.1667,0.1667,0.1667,0.1667,0.1667,0.1667,joy,0.1667,0,0,0,connecting,0.5,0.3,0.5
had,0.1667,0.1667,0.1667,0.1667,0.1667,0.1667,joy,0.1667,0,0,0,connecting,0.5,0.3,0.5
has,0.1667,0.1667,0.1667,0.1667,0.1667,0.1667,joy,0.1667,0,0,0,connecting,0.5,0.3,0.5
have,0.1667,0.1667,0.1667,0.1667,0.1667,0.1667,joy,0.1667,0,0,0,connecting,0.5,0.3,0.5
he,0.1667,0.1667,0.1667,0.1667,0.1667,0.1667,joy,0.1667,0,0,0,connecting,0.5,0.3,0.5
her,0.1667,0.1667,0.1667,0.1667,0.1667,0.1667,joy,0.1667,0,0,0,connecting,0.5,0.3,0.5
him,0.1667,0.1667,0.1667,0.1667,0.1667,0.1667,joy,0.1667,0,0,0,connecting,0.5,0.3,0.5
his,0.1667,0.1667,0.1667,0.1667,0.1667,0.1667,joy,0.1667,0,0,0,connecting,0.5,0.3,0.5
i,0.1667,0.1667,0.1667,0.1667,0.1667,0.1667,joy,0.1667,0,0,0,connecting,0.5,0.3,0.5
in,0.1667,0.1667,0.1667,0.1667,0.1667,0.1667,joy,0.1667,0,0,0,connecting,0.5,0.3,0.5
is,0.1667,0.1667,0.1667,0.1667,0.1667,0.1667,joy,0.1667,0,0,0,connecting,0.5,0.3,0.5
it,0.1667,0.1667,0.1667,0.1667,0.1667,0.1667,joy,0.1667,0,0,0,connecting,0.5,0.3,0.5
its,0.1667,0.1667,0.1667,0.1667,0.1667,0.1667,joy,0.1667,0,0,0,connecting,0.5,0.3,0.5
me,0.1667,0.1667,0.1667,0.1667,0.1667,0.1667,joy,0.1667,0,0,0,connecting,0.5,0.3,0.5
my,0.1667,0.1667,0.1667,0.1667,0.1667,0.1667,joy,0.1667,0,0,0,connecting,0.5,0.3,0.5
of,0.1667,0.1667,0.1667,0.1667,0.1667,0.1667,joy,0.1667,0,0,0,connecting,0.5,0.3,0.5
on,0.1667,0.1667,0.1667,0.1667,0.1667,0.1667,joy,0.1667,0,0,0,connecting,0.5,0.3,0.5
or,0.1667,0.1667,0.1667,0.1667,0.1667,0.1667,joy,0.1667,0,0,0,connecting,0.5,0.3,0.5
our,0.1667,0.1667,0.1667,0.1667,0.1667,0.1667,joy,0.1667,0,0,0,connecting,0.5,0.3,0.5
she,0.1667,0.1667,0.1667,0.1667,0.1667,0.1667,joy,0.1667,0,0,0,connecting,0.5,0.3,0.5
so,0.1667,0.1667,0.1667,0.1667,0.1667,0.1667,joy,0.1667,0,0,0,connecting,0.5,0.3,0.5
that,0.1667,0.1667,0.1667,0.1667,0.1667,0.1667,joy,0.1667,0,0,0,connecting,0.5,0.3,0.5
the,0.1667,0.1667,0.1667,0.1667,0.1667,0.1667,joy,0.1667,0,0,0,connecting,0.5,0.3,0.5
their,0.1667,0.1667,0.1667,0.1667,0.1667,0.1667,joy,0.1667,0,0,0,connecting,0.5,0.3,0.5
them,0.1667,0.1667,0.1667,0.1667,0.1667,0.1667,joy,0.1667,0,0,0,connecting,0.5,0.3,0.5
these,0.1667,0.1667,0.1667,0.1667,0.1667,0.1667,joy,0.1667,0,0,0,connecting,0.5,0.3,0.5
they,0.1667,0.1667,0.1667,0.1667,0.1667,0.1667,joy,0.1667,0,0,0,connecting,0.5,0.3,0.5
this,0.1667,0.1667,0.1667,0.1667,0.1667,0.1667,joy,0.1667,0,0,0,connecting,0.5,0.3,0.5
those,0.1667,0.1667,0.1667,0.1667,0.1667,0.1667,joy,0.1667,0,0,0,connecting,0.5,0.3,0.5
to,0.1667,0.1667,0.1667,0.1667,0.1667,0.1667,joy,0.1667,0,0,0,connecting,0.5,0.3,0.5
us,0.1667,0.1667,0.1667,0.1667,0.1667,0.1667,joy,0.1667,0,0,0,connecting,0.5,0.3,0.5
was,0.1667,0.1667,0.1667,0.1667,0.1667,0.1667,joy,0.1667,0,0,0,connecting,0.5,0.3,0.5
we,0.1667,0.1667,0.1667,0.1667,0.1667,0.1667,joy,0.1667,0,0,0,connecting,0.5,0.3,0.5
were,0.1667,0.1667,0.1667,0.1667,0.1667,0.1667,joy,0.1667,0,0,0,connecting,0.5,0.3,0.5
with,0.1667,0.1667,0.1667,0.1667,0.1667,0.1667,joy,0.1667,0,0,0,connecting,0.5,0.3,0.5
you,0.1667,0.1667,0.1667,0.1667,0.1667,0.1667,joy,0.1667,0,0,0,connecting,0.5,0.3,0.5
your,0.1667,0.1667,0.1667,0.1667,0.1667,0.1667,joy,0.1667,0,0,0,connecting,0.5,0.3,0.5
